{"acc": 0.9512, "loss": 0.13352021307272965, "_timestamp": 1710527628.300518, "_runtime": 1787.4476449489594, "_step": 99, "_wandb": {"runtime": 1786}}