{"acc": 0.926, "loss": 0.2772783867148466, "eval": "              precision    recall  f1-score   support\n\n           0      0.957     0.964     0.960       526\n           1      0.933     0.971     0.952       561\n           2      0.939     0.894     0.916       520\n           3      0.896     0.901     0.898       486\n           4      0.916     0.931     0.924       436\n           5      0.921     0.878     0.899       449\n           6      0.932     0.962     0.947       470\n           7      0.929     0.954     0.941       504\n           8      0.905     0.894     0.899       520\n           9      0.928     0.903     0.916       528\n\n    accuracy                          0.926      5000\n   macro avg      0.926     0.925     0.925      5000\nweighted avg      0.926     0.926     0.926      5000\n", "_timestamp": 1710530883.141822, "_runtime": 310.8595161437988, "_step": 14, "_wandb": {"runtime": 317}}