{"acc": 0.668, "loss": 1.8410689082256584, "_timestamp": 1710509703.1863463, "_runtime": 26.794944286346436, "_step": 0, "_wandb": {"runtime": 38}}