{"acc": 0.9394, "loss": 0.19682199039258236, "_timestamp": 1710527792.4428003, "_runtime": 116.20788717269897, "_step": 5, "_wandb": {"runtime": 123}}