{"acc": 0.9294, "loss": 0.26952398958247764, "_timestamp": 1710530558.4809315, "_runtime": 367.10783863067627, "_step": 17, "_wandb": {"runtime": 369}}