{"acc": 0.7952, "loss": 1.8151881097361098, "_timestamp": 1710529630.596063, "_runtime": 26.73626399040222, "_step": 0, "_wandb": {"runtime": 299}}