{"acc": 0.9358, "loss": 0.16788272227832052, "_timestamp": 1710509375.8061306, "_runtime": 1093.9650497436523, "_step": 60, "_wandb": {"runtime": 1384}}