{"acc": 0.7736, "loss": 0.9819494460904321, "_timestamp": 1710528321.4817224, "_runtime": 368.71354842185974, "_step": 10, "_wandb": {"runtime": 1071}}