{"acc": 0.6662, "loss": 1.8189036502394564, "_timestamp": 1710530174.6958926, "_runtime": 27.01036047935486, "_step": 0, "_wandb": {"runtime": 29}}