{"acc": 0.9498, "loss": 0.13715083822607993, "_timestamp": 1710533302.237522, "_runtime": 1882.8256258964539, "_step": 99, "_wandb": {"runtime": 1881}}