{"acc": 0.9794, "loss": 0.00026411392277940504, "_timestamp": 1710545354.7826111, "_runtime": 167.35304021835327, "_step": 7, "_wandb": {"runtime": 175}}