{"acc": 0.6786, "loss": 1.2542590948038324, "_timestamp": 1710525830.9426024, "_runtime": 900.0526854991913, "_step": 49, "_wandb": {"runtime": 897}}