{"acc": 0.9782, "loss": 0.00037880687129028615, "_timestamp": 1710535176.583856, "_runtime": 1863.575572013855, "_step": 99, "_wandb": {"runtime": 1858}}